<?xml version="1.0" encoding="UTF-8"?>
<!DOCTYPE generatorConfiguration
        PUBLIC "-//mybatis.org//DTD MyBatis Generator Configuration 1.0//EN"
        "http://mybatis.org/dtd/mybatis-generator-config_1_0.dtd">

<generatorConfiguration>
	<classPathEntry location="F:\.m2\repository\mysql\mysql-connector-java\5.1.38\mysql-connector-java-5.1.38.jar"/>
	
    <context id="MySqlContext" targetRuntime="MyBatis3" defaultModelType="flat">
        <property name="javaFileEncoding" value="UTF-8"/>

        <commentGenerator>
            <property name="suppressDate" value="true"/>
            <property name="addRemarkComments" value="true"/>
        </commentGenerator>

        <jdbcConnection driverClass="com.mysql.jdbc.Driver"
                        connectionURL="jdbc:mysql://localhost:3306/mybatis"
                        userId="root"
                        password="">
        </jdbcConnection>

        <javaModelGenerator targetPackage="tk.mybatis.simple.model" targetProject="simple\src\main\java">
            <property name="trimStrings" value="true" />
        </javaModelGenerator>

        <sqlMapGenerator targetPackage="tk.mybatis.simple.mapper"  targetProject="simple\src\main\resources"/>

        <javaClientGenerator type="XMLMAPPER" targetPackage="tk.mybatis.simple.mapper"  targetProject="simple\src\main\java"/>

        <table tableName="country">
            <generatedKey column="id" sqlStatement="MySql"/>
        </table>
    </context>
</generatorConfiguration>