<?xml version="1.0" encoding="UTF-8" ?>
<!DOCTYPE configuration
        PUBLIC "-//mybatis.org//DTD Config 3.0//EN"
        "http://mybatis.org/dtd/mybatis-3-config.dtd">
<configuration>
    <settings>
        <setting name="logImpl" value="LOG4J"/>
    </settings>
    
     <typeAliases>
        <package name="tk.mybatis.simple.model"/>
    </typeAliases>

    <environments default="development">
        <environment id="development">
            <transactionManager type="JDBC">
                <property name="" value=""/>
            </transactionManager>
            <dataSource type="UNPOOLED">
                <property name="driver" value="com.mysql.jdbc.Driver"/>
                <property name="url" value="jdbc:mysql://192.168.16.137:3306/mybatis"/>
                <property name="username" value="root"/>
                <property name="password" value=""/>
            </dataSource>
        </environment>
    </environments>

    <mappers>
        <mapper resource="tk/mybatis/simple/mapper/CountryMapper.xml"/>
    </mappers>
</configuration>
