<?xml version="1.0" encoding="UTF-8"?>
<!DOCTYPE mapper PUBLIC "-//mybatis.org//DTD Mapper 3.0//EN"
        "http://mybatis.org/dtd/mybatis-3-mapper.dtd">
<mapper namespace="tk.mybatis.web.mapper.DictMapper">
    <select id="selectByPrimaryKey" resultType="SysDict">
      select id, code, name, `value` from sys_dict where id = #{id}
    </select>

	<select id="selectBySysDict" resultType="tk.mybatis.web.model.SysDict">
		select * from sys_dict
		<where>
			<if test="id != null">
				and id = #{id}
			</if>
			<if test="code != null and code != ''">
				and code = #{code}
			</if>
		</where>
		order by code, `value`
	</select>

    <insert id="insert" useGeneratedKeys="true" keyProperty="id">
		insert into sys_dict(code, name, value)
		values (#{code}, #{name}, #{value})
	</insert>

	<update id="updateById">
		update sys_dict
		set code = #{code},
			name = #{name},
			value = #{value}
		where id = #{id}
	</update>

	<delete id="deleteById">
		delete from sys_dict where id = #{id}
	</delete>

</mapper>