<?xml version="1.0" encoding="UTF-8" ?>
<!DOCTYPE configuration
        PUBLIC "-//mybatis.org//DTD Config 3.0//EN"
        "http://mybatis.org/dtd/mybatis-3-config.dtd">
<configuration>
	<settings>
	    <setting name="logImpl" value="LOG4J"/>
	    <setting name="cacheEnabled" value="true"/>
	    <setting name="mapUnderscoreToCamelCase" value="true"/>
	    <setting name="aggressiveLazyLoading" value="false"/>
	</settings>
    
    <typeAliases>
        <package name="tk.mybatis.simple.model"/>
    </typeAliases>
    
	<typeHandlers>
		<typeHandler 
			javaType="tk.mybatis.simple.type.Enabled" 
			handler="tk.mybatis.simple.type.EnabledTypeHandler"/>
	</typeHandlers>
	
	<plugins>
		<plugin interceptor="tk.mybatis.simple.plugin.PageInterceptor">
			<property name="dialect" value="tk.mybatis.simple.plugin.MySqlDialect"/>
		</plugin>
		<!-- <plugin interceptor="tk.mybatis.simple.plugin.CameHumpInterceptor"/> -->
	</plugins>

    <environments default="development">
        <environment id="development">
            <transactionManager type="JDBC">
                <property name="" value=""/>
            </transactionManager>
            <dataSource type="UNPOOLED">
                <property name="driver" value="com.mysql.jdbc.Driver"/>
                <property name="url" value="jdbc:mysql://localhost:3306/mybatis"/>
                <property name="username" value="root"/>
                <property name="password" value=""/>
            </dataSource>
        </environment>
    </environments>

    <mappers>
        <package name="tk.mybatis.simple.mapper"/>
    </mappers>
    
    
</configuration>
