<?xml version="1.0" encoding="UTF-8"?>
<beans xmlns:xsi="http://www.w3.org/2001/XMLSchema-instance"
       xmlns="http://www.springframework.org/schema/beans"
       xmlns:context="http://www.springframework.org/schema/context"
       xmlns:aop="http://www.springframework.org/schema/aop"
       xmlns:tx="http://www.springframework.org/schema/tx"
       xsi:schemaLocation="http://www.springframework.org/schema/beans
       http://www.springframework.org/schema/beans/spring-beans.xsd
       http://www.springframework.org/schema/context
       http://www.springframework.org/schema/context/spring-context.xsd
       http://www.springframework.org/schema/aop
       http://www.springframework.org/schema/aop/spring-aop.xsd
       http://www.springframework.org/schema/tx
       http://www.springframework.org/schema/tx/spring-tx.xsd">

    <context:component-scan base-package="tk.mybatis.*.service.impl"/>

    <bean id="dataSource" class="org.apache.ibatis.datasource.pooled.PooledDataSource">
        <property name="driver" value="com.mysql.jdbc.Driver"/>
        <property name="url" value="jdbc:mysql://localhost:3306/mybatis"/>
        <property name="username" value="root"/>
        <property name="password" value=""/>
    </bean>
    
    <bean id="sqlSessionFactory" class="org.mybatis.spring.SqlSessionFactoryBean">
        <property name="configLocation" value="classpath:mybatis-config.xml"/>
        <property name="dataSource" ref="dataSource"/>
        <property name="mapperLocations">
            <array>
                <value>classpath:tk/mybatis/**/mapper/*.xml</value>
            </array>
        </property>
        <property name="typeAliasesPackage" value="tk.mybatis.web.model"/>
    </bean>

    <bean class="org.mybatis.spring.mapper.MapperScannerConfigurer">
        <property name="addToConfig" value="true"/>
        <property name="basePackage" value="tk.mybatis.**.mapper"/>
    </bean>

    <aop:aspectj-autoproxy/>

    <aop:config>
        <aop:pointcut id="appService" expression="execution(* tk.mybatis.*.service..*Service*.*(..))"/>
        <aop:advisor advice-ref="txAdvice" pointcut-ref="appService"/>
    </aop:config>

    <tx:advice id="txAdvice" transaction-manager="transactionManager">
        <tx:attributes>
            <tx:method name="select*" read-only="true"/>
            <tx:method name="find*" read-only="true"/>
            <tx:method name="get*" read-only="true"/>
            <tx:method name="*"/>
        </tx:attributes>
    </tx:advice>

    <bean id="transactionManager" class="org.springframework.jdbc.datasource.DataSourceTransactionManager">
        <property name="dataSource" ref="dataSource"/>
    </bean>
</beans>