<?xml version="1.0" encoding="UTF-8"?>
<!DOCTYPE mapper PUBLIC "-//mybatis.org//DTD Mapper 3.0//EN" "http://mybatis.org/dtd/mybatis-3-mapper.dtd">
<mapper namespace="tk.mybatis.simple.mapper.CountryMapper">
	<resultMap id="BaseResultMap" type="tk.mybatis.simple.model.Country">
		<!-- WARNING - @mbggenerated This element is automatically generated by 
			MyBatis Generator, do not modify. -->
		<id column="id" jdbcType="INTEGER" property="id" />
		<result column="countryname" jdbcType="VARCHAR" property="countryname" />
		<result column="countrycode" jdbcType="VARCHAR" property="countrycode" />
	</resultMap>
	<sql id="Example_Where_Clause">
		<!-- WARNING - @mbggenerated This element is automatically generated by 
			MyBatis Generator, do not modify. -->
		<where>
			<foreach collection="oredCriteria" item="criteria" separator="or">
				<if test="criteria.valid">
					<trim prefix="(" prefixOverrides="and" suffix=")">
						<foreach collection="criteria.criteria" item="criterion">
							<choose>
								<when test="criterion.noValue">
									and ${criterion.condition}
								</when>
								<when test="criterion.singleValue">
									and ${criterion.condition} #{criterion.value}
								</when>
								<when test="criterion.betweenValue">
									and ${criterion.condition} #{criterion.value} and
									#{criterion.secondValue}
								</when>
								<when test="criterion.listValue">
									and ${criterion.condition}
									<foreach close=")" collection="criterion.value" item="listItem"
										open="(" separator=",">
										#{listItem}
									</foreach>
								</when>
							</choose>
						</foreach>
					</trim>
				</if>
			</foreach>
		</where>
	</sql>
	<sql id="Update_By_Example_Where_Clause">
		<!-- WARNING - @mbggenerated This element is automatically generated by 
			MyBatis Generator, do not modify. -->
		<where>
			<foreach collection="example.oredCriteria" item="criteria"
				separator="or">
				<if test="criteria.valid">
					<trim prefix="(" prefixOverrides="and" suffix=")">
						<foreach collection="criteria.criteria" item="criterion">
							<choose>
								<when test="criterion.noValue">
									and ${criterion.condition}
								</when>
								<when test="criterion.singleValue">
									and ${criterion.condition} #{criterion.value}
								</when>
								<when test="criterion.betweenValue">
									and ${criterion.condition} #{criterion.value} and
									#{criterion.secondValue}
								</when>
								<when test="criterion.listValue">
									and ${criterion.condition}
									<foreach close=")" collection="criterion.value" item="listItem"
										open="(" separator=",">
										#{listItem}
									</foreach>
								</when>
							</choose>
						</foreach>
					</trim>
				</if>
			</foreach>
		</where>
	</sql>
	<sql id="Base_Column_List">
		<!-- WARNING - @mbggenerated This element is automatically generated by 
			MyBatis Generator, do not modify. -->
		id, countryname, countrycode
	</sql>
	<select id="selectByExample" parameterType="tk.mybatis.simple.model.CountryExample"
		resultMap="BaseResultMap">
		<!-- WARNING - @mbggenerated This element is automatically generated by 
			MyBatis Generator, do not modify. -->
		select
		<if test="distinct">
			distinct
		</if>
		<include refid="Base_Column_List" />
		from country
		<if test="_parameter != null">
			<include refid="Example_Where_Clause" />
		</if>
		<if test="orderByClause != null">
			order by ${orderByClause}
		</if>
	</select>
	<select id="selectByPrimaryKey" parameterType="java.lang.Integer"
		resultMap="BaseResultMap">
		<!-- WARNING - @mbggenerated This element is automatically generated by 
			MyBatis Generator, do not modify. -->
		select
		<include refid="Base_Column_List" />
		from country
		where id = #{id,jdbcType=INTEGER}
	</select>
	<delete id="deleteByPrimaryKey" parameterType="java.lang.Integer">
		<!-- WARNING - @mbggenerated This element is automatically generated by 
			MyBatis Generator, do not modify. -->
		delete from country
		where id = #{id,jdbcType=INTEGER}
	</delete>
	<delete id="deleteByExample" parameterType="tk.mybatis.simple.model.CountryExample">
		<!-- WARNING - @mbggenerated This element is automatically generated by 
			MyBatis Generator, do not modify. -->
		delete from country
		<if test="_parameter != null">
			<include refid="Example_Where_Clause" />
		</if>
	</delete>
	<insert id="insert" parameterType="tk.mybatis.simple.model.Country">
		<!-- WARNING - @mbggenerated This element is automatically generated by 
			MyBatis Generator, do not modify. -->
		<selectKey keyProperty="id" order="BEFORE" resultType="java.lang.Integer">
			SELECT LAST_INSERT_ID()
		</selectKey>
		insert into country (id, countryname, countrycode
		)
		values (#{id,jdbcType=INTEGER}, #{countryname,jdbcType=VARCHAR},
		#{countrycode,jdbcType=VARCHAR}
		)
	</insert>
	<insert id="insertSelective" parameterType="tk.mybatis.simple.model.Country">
		<!-- WARNING - @mbggenerated This element is automatically generated by 
			MyBatis Generator, do not modify. -->
		<selectKey keyProperty="id" order="BEFORE" resultType="java.lang.Integer">
			SELECT LAST_INSERT_ID()
		</selectKey>
		insert into country
		<trim prefix="(" suffix=")" suffixOverrides=",">
			id,
			<if test="countryname != null">
				countryname,
			</if>
			<if test="countrycode != null">
				countrycode,
			</if>
		</trim>
		<trim prefix="values (" suffix=")" suffixOverrides=",">
			#{id,jdbcType=INTEGER},
			<if test="countryname != null">
				#{countryname,jdbcType=VARCHAR},
			</if>
			<if test="countrycode != null">
				#{countrycode,jdbcType=VARCHAR},
			</if>
		</trim>
	</insert>
	<select id="countByExample" parameterType="tk.mybatis.simple.model.CountryExample"
		resultType="java.lang.Integer">
		<!-- WARNING - @mbggenerated This element is automatically generated by 
			MyBatis Generator, do not modify. -->
		select count(*) from country
		<if test="_parameter != null">
			<include refid="Example_Where_Clause" />
		</if>
	</select>
	<update id="updateByExampleSelective" parameterType="map">
		<!-- WARNING - @mbggenerated This element is automatically generated by 
			MyBatis Generator, do not modify. -->
		update country
		<set>
			<if test="record.id != null">
				id = #{record.id,jdbcType=INTEGER},
			</if>
			<if test="record.countryname != null">
				countryname = #{record.countryname,jdbcType=VARCHAR},
			</if>
			<if test="record.countrycode != null">
				countrycode = #{record.countrycode,jdbcType=VARCHAR},
			</if>
		</set>
		<if test="_parameter != null">
			<include refid="Update_By_Example_Where_Clause" />
		</if>
	</update>
	<update id="updateByExample" parameterType="map">
		<!-- WARNING - @mbggenerated This element is automatically generated by 
			MyBatis Generator, do not modify. -->
		update country
		set id = #{record.id,jdbcType=INTEGER},
		countryname = #{record.countryname,jdbcType=VARCHAR},
		countrycode = #{record.countrycode,jdbcType=VARCHAR}
		<if test="_parameter != null">
			<include refid="Update_By_Example_Where_Clause" />
		</if>
	</update>
	<update id="updateByPrimaryKeySelective" parameterType="tk.mybatis.simple.model.Country">
		<!-- WARNING - @mbggenerated This element is automatically generated by 
			MyBatis Generator, do not modify. -->
		update country
		<set>
			<if test="countryname != null">
				countryname = #{countryname,jdbcType=VARCHAR},
			</if>
			<if test="countrycode != null">
				countrycode = #{countrycode,jdbcType=VARCHAR},
			</if>
		</set>
		where id = #{id,jdbcType=INTEGER}
	</update>
	<update id="updateByPrimaryKey" parameterType="tk.mybatis.simple.model.Country">
		<!-- WARNING - @mbggenerated This element is automatically generated by 
			MyBatis Generator, do not modify. -->
		update country
		set countryname = #{countryname,jdbcType=VARCHAR},
		countrycode = #{countrycode,jdbcType=VARCHAR}
		where id = #{id,jdbcType=INTEGER}
	</update>
	
	<select id="selectAll" resultType="Country">
		select
		id,countryname,countrycode from country
	</select>
	
	<select id="selectCountries" statementType="CALLABLE" useCache="false">
	    {call SELECT_COUNTRIES(
	    	#{list1, mode=OUT,jdbcType=CURSOR,javaType=ResultSet,resultMap=BaseResultMap}, 
	    	#{list2, mode=OUT,jdbcType=CURSOR,javaType=ResultSet,resultMap=BaseResultMap}
	    )}
	</select>
</mapper>